{
  "info": {
    "name": "HealthGuard API",
    "description": "Personal Health Monitoring System API Collection",
    "schema": "https://schema.getpostman.com/json/collection/v2.1.0/collection.json",
    "version": "1.0.0"
  },
  "auth": {
    "type": "noauth"
  },
  "event": [
    {
      "listen": "prerequest",
      "script": {
        "type": "text/javascript",
        "exec": [
          "// Set base URL if not already set",
          "if (!pm.environment.get('baseUrl')) {",
          "    pm.environment.set('baseUrl', 'http://localhost:5000');",
          "}"
        ]
      }
    }
  ],
  "variable": [
    {
      "key": "baseUrl",
      "value": "http://localhost:5000",
      "type": "string"
    }
  ],
  "item": [
    {
      "name": "Authentication",
      "item": [
        {
          "name": "Register User",
          "event": [
            {
              "listen": "test",
              "script": {
                "exec": [
                  "if (pm.response.code === 201) {",
                  "    const response = pm.response.json();",
                  "    pm.environment.set('userId', response.id);",
                  "    pm.environment.set('userEmail', response.email);",
                  "}"
                ]
              }
            }
          ],
          "request": {
            "method": "POST",
            "header": [
              {
                "key": "Content-Type",
                "value": "application/json"
              }
            ],
            "body": {
              "mode": "raw",
              "raw": "{\n  \"email\": \"{{$randomEmail}}\",\n  \"password\": \"testpassword123\"\n}"
            },
            "url": {
              "raw": "{{baseUrl}}/api/register",
              "host": ["{{baseUrl}}"],
              "path": ["api", "register"]
            }
          },
          "response": []
        },
        {
          "name": "Login User",
          "event": [
            {
              "listen": "test",
              "script": {
                "exec": [
                  "if (pm.response.code === 200) {",
                  "    const response = pm.response.json();",
                  "    pm.environment.set('userId', response.id);",
                  "}"
                ]
              }
            }
          ],
          "request": {
            "method": "POST",
            "header": [
              {
                "key": "Content-Type",
                "value": "application/json"
              }
            ],
            "body": {
              "mode": "raw",
              "raw": "{\n  \"username\": \"{{userEmail}}\",\n  \"password\": \"testpassword123\"\n}"
            },
            "url": {
              "raw": "{{baseUrl}}/api/login",
              "host": ["{{baseUrl}}"],
              "path": ["api", "login"]
            }
          },
          "response": []
        },
        {
          "name": "Get Current User",
          "request": {
            "method": "GET",
            "url": {
              "raw": "{{baseUrl}}/api/user",
              "host": ["{{baseUrl}}"],
              "path": ["api", "user"]
            }
          },
          "response": []
        },
        {
          "name": "Logout User",
          "request": {
            "method": "POST",
            "url": {
              "raw": "{{baseUrl}}/api/logout",
              "host": ["{{baseUrl}}"],
              "path": ["api", "logout"]
            }
          },
          "response": []
        }
      ]
    },
    {
      "name": "Email Verification",
      "item": [
        {
          "name": "Verify Email",
          "request": {
            "method": "POST",
            "header": [
              {
                "key": "Content-Type",
                "value": "application/json"
              }
            ],
            "body": {
              "mode": "raw",
              "raw": "{\n  \"code\": \"123456\"\n}"
            },
            "url": {
              "raw": "{{baseUrl}}/api/verify-email",
              "host": ["{{baseUrl}}"],
              "path": ["api", "verify-email"]
            }
          },
          "response": []
        },
        {
          "name": "Resend Verification Code",
          "request": {
            "method": "POST",
            "url": {
              "raw": "{{baseUrl}}/api/resend-verification",
              "host": ["{{baseUrl}}"],
              "path": ["api", "resend-verification"]
            }
          },
          "response": []
        }
      ]
    },
    {
      "name": "Phone Verification",
      "item": [
        {
          "name": "Verify Phone",
          "request": {
            "method": "POST",
            "header": [
              {
                "key": "Content-Type",
                "value": "application/json"
              }
            ],
            "body": {
              "mode": "raw",
              "raw": "{\n  \"phone\": \"+1234567890\"\n}"
            },
            "url": {
              "raw": "{{baseUrl}}/api/verify-phone",
              "host": ["{{baseUrl}}"],
              "path": ["api", "verify-phone"]
            }
          },
          "response": []
        },
        {
          "name": "Confirm Phone",
          "request": {
            "method": "POST",
            "header": [
              {
                "key": "Content-Type",
                "value": "application/json"
              }
            ],
            "body": {
              "mode": "raw",
              "raw": "{\n  \"code\": \"1234\"\n}"
            },
            "url": {
              "raw": "{{baseUrl}}/api/confirm-phone",
              "host": ["{{baseUrl}}"],
              "path": ["api", "confirm-phone"]
            }
          },
          "response": []
        }
      ]
    },
    {
      "name": "User Profile",
      "item": [
        {
          "name": "Get Profile",
          "request": {
            "method": "GET",
            "url": {
              "raw": "{{baseUrl}}/api/profile",
              "host": ["{{baseUrl}}"],
              "path": ["api", "profile"]
            }
          },
          "response": []
        },
        {
          "name": "Create/Update Profile",
          "request": {
            "method": "POST",
            "header": [
              {
                "key": "Content-Type",
                "value": "application/json"
              }
            ],
            "body": {
              "mode": "raw",
              "raw": "{\n  \"fullName\": \"John Doe\",\n  \"preferredName\": \"John\",\n  \"gender\": \"male\",\n  \"heightCm\": \"175\",\n  \"weightKg\": \"70\",\n  \"allergies\": [\"peanuts\"],\n  \"medicalHistory\": {\n    \"conditions\": [\"hypertension\"],\n    \"notes\": \"Family history of heart disease\"\n  },\n  \"medications\": [\n    {\n      \"name\": \"Lisinopril\",\n      \"dosage\": \"10mg\",\n      \"frequency\": \"Daily\"\n    }\n  ],\n  \"emergencyContacts\": [\n    {\n      \"name\": \"Jane Doe\",\n      \"relationship\": \"Spouse\",\n      \"phone\": \"+1234567890\",\n      \"email\": \"jane@example.com\"\n    }\n  ],\n  \"consent\": {\n    \"healthDataCollection\": {\n      \"granted\": true,\n      \"timestamp\": \"2024-01-01T00:00:00Z\"\n    },\n    \"locationSharing\": {\n      \"granted\": true,\n      \"timestamp\": \"2024-01-01T00:00:00Z\"\n    },\n    \"emergencyContactNotification\": {\n      \"granted\": true,\n      \"timestamp\": \"2024-01-01T00:00:00Z\"\n    }\n  }\n}"
            },
            "url": {
              "raw": "{{baseUrl}}/api/profile",
              "host": ["{{baseUrl}}"],
              "path": ["api", "profile"]
            }
          },
          "response": []
        }
      ]
    },
    {
      "name": "Devices",
      "item": [
        {
          "name": "Get Devices",
          "request": {
            "method": "GET",
            "url": {
              "raw": "{{baseUrl}}/api/devices",
              "host": ["{{baseUrl}}"],
              "path": ["api", "devices"]
            }
          },
          "response": []
        },
        {
          "name": "Register Device",
          "event": [
            {
              "listen": "test",
              "script": {
                "exec": [
                  "if (pm.response.code === 201) {",
                  "    const response = pm.response.json();",
                  "    pm.environment.set('deviceId', response.id);",
                  "}"
                ]
              }
            }
          ],
          "request": {
            "method": "POST",
            "header": [
              {
                "key": "Content-Type",
                "value": "application/json"
              }
            ],
            "body": {
              "mode": "raw",
              "raw": "{\n  \"deviceType\": \"simulated\",\n  \"deviceId\": \"sim-device-001\",\n  \"deviceName\": \"Simulated Heart Rate Monitor\",\n  \"metadata\": {\n    \"manufacturer\": \"HealthGuard\",\n    \"model\": \"Simulator v1.0\"\n  }\n}"
            },
            "url": {
              "raw": "{{baseUrl}}/api/devices",
              "host": ["{{baseUrl}}"],
              "path": ["api", "devices"]
            }
          },
          "response": []
        }
      ]
    },
    {
      "name": "Vitals",
      "item": [
        {
          "name": "Get Vitals",
          "request": {
            "method": "GET",
            "url": {
              "raw": "{{baseUrl}}/api/vitals?type=heart_rate&from=2024-01-01T00:00:00Z&to=2024-12-31T23:59:59Z",
              "host": ["{{baseUrl}}"],
              "path": ["api", "vitals"],
              "query": [
                {
                  "key": "type",
                  "value": "heart_rate"
                },
                {
                  "key": "from",
                  "value": "2024-01-01T00:00:00Z"
                },
                {
                  "key": "to",
                  "value": "2024-12-31T23:59:59Z"
                }
              ]
            }
          },
          "response": []
        },
        {
          "name": "Get Latest Vitals",
          "request": {
            "method": "GET",
            "url": {
              "raw": "{{baseUrl}}/api/vitals/latest",
              "host": ["{{baseUrl}}"],
              "path": ["api", "vitals", "latest"]
            }
          },
          "response": []
        },
        {
          "name": "Submit Normal Vitals",
          "request": {
            "method": "POST",
            "header": [
              {
                "key": "Content-Type",
                "value": "application/json"
              }
            ],
            "body": {
              "mode": "raw",
              "raw": "{\n  \"vitals\": [\n    {\n      \"userId\": \"{{userId}}\",\n      \"deviceId\": \"sim-device-001\",\n      \"timestamp\": \"{{$isoTimestamp}}\",\n      \"vitals\": {\n        \"heartRate\": 72,\n        \"bloodPressure\": {\n          \"systolic\": 120,\n          \"diastolic\": 80\n        },\n        \"spO2\": 98\n      },\n      \"source\": \"simulated\"\n    }\n  ]\n}"
            },
            "url": {
              "raw": "{{baseUrl}}/api/vitals",
              "host": ["{{baseUrl}}"],
              "path": ["api", "vitals"]
            }
          },
          "response": []
        },
        {
          "name": "Submit Emergency Vitals",
          "request": {
            "method": "POST",
            "header": [
              {
                "key": "Content-Type",
                "value": "application/json"
              }
            ],
            "body": {
              "mode": "raw",
              "raw": "{\n  \"vitals\": [\n    {\n      \"userId\": \"{{userId}}\",\n      \"deviceId\": \"sim-device-001\",\n      \"timestamp\": \"{{$isoTimestamp}}\",\n      \"vitals\": {\n        \"heartRate\": 180,\n        \"bloodPressure\": {\n          \"systolic\": 85,\n          \"diastolic\": 55\n        },\n        \"spO2\": 82\n      },\n      \"source\": \"simulated\"\n    }\n  ]\n}"
            },
            "url": {
              "raw": "{{baseUrl}}/api/vitals",
              "host": ["{{baseUrl}}"],
              "path": ["api", "vitals"]
            }
          },
          "response": []
        }
      ]
    },
    {
      "name": "AI Analysis",
      "item": [
        {
          "name": "Analyze Normal Vitals",
          "request": {
            "method": "POST",
            "header": [
              {
                "key": "Content-Type",
                "value": "application/json"
              }
            ],
            "body": {
              "mode": "raw",
              "raw": "{\n  \"vitalsWindow\": [\n    {\n      \"timestamp\": \"{{$isoTimestamp}}\",\n      \"heartRate\": 72,\n      \"bloodPressure\": {\n        \"systolic\": 120,\n        \"diastolic\": 80\n      },\n      \"spO2\": 98\n    }\n  ],\n  \"symptoms\": \"Feeling well, no concerns\"\n}"
            },
            "url": {
              "raw": "{{baseUrl}}/api/ai/analyze",
              "host": ["{{baseUrl}}"],
              "path": ["api", "ai", "analyze"]
            }
          },
          "response": []
        },
        {
          "name": "Analyze Emergency Vitals",
          "request": {
            "method": "POST",
            "header": [
              {
                "key": "Content-Type",
                "value": "application/json"
              }
            ],
            "body": {
              "mode": "raw",
              "raw": "{\n  \"vitalsWindow\": [\n    {\n      \"timestamp\": \"{{$isoTimestamp}}\",\n      \"heartRate\": 180,\n      \"bloodPressure\": {\n        \"systolic\": 85,\n        \"diastolic\": 55\n      },\n      \"spO2\": 82\n    }\n  ],\n  \"symptoms\": \"Severe chest pain, shortness of breath, dizziness\"\n}"
            },
            "url": {
              "raw": "{{baseUrl}}/api/ai/analyze",
              "host": ["{{baseUrl}}"],
              "path": ["api", "ai", "analyze"]
            }
          },
          "response": []
        }
      ]
    },
    {
      "name": "Google Fit",
      "item": [
        {
          "name": "Get OAuth URL",
          "request": {
            "method": "GET",
            "url": {
              "raw": "{{baseUrl}}/api/auth/googlefit",
              "host": ["{{baseUrl}}"],
              "path": ["api", "auth", "googlefit"]
            }
          },
          "response": []
        },
        {
          "name": "Sync Google Fit Data",
          "request": {
            "method": "POST",
            "url": {
              "raw": "{{baseUrl}}/api/sync/googlefit",
              "host": ["{{baseUrl}}"],
              "path": ["api", "sync", "googlefit"]
            }
          },
          "response": []
        }
      ]
    },
    {
      "name": "Emergency",
      "item": [
        {
          "name": "Trigger Emergency",
          "event": [
            {
              "listen": "test",
              "script": {
                "exec": [
                  "if (pm.response.code === 200) {",
                  "    const response = pm.response.json();",
                  "    pm.environment.set('emergencyEventId', response.emergencyEventId);",
                  "}"
                ]
              }
            }
          ],
          "request": {
            "method": "POST",
            "url": {
              "raw": "{{baseUrl}}/api/emergency/trigger",
              "host": ["{{baseUrl}}"],
              "path": ["api", "emergency", "trigger"]
            }
          },
          "response": []
        },
        {
          "name": "Resolve Emergency",
          "request": {
            "method": "POST",
            "url": {
              "raw": "{{baseUrl}}/api/emergency/{{emergencyEventId}}/resolve",
              "host": ["{{baseUrl}}"],
              "path": ["api", "emergency", "{{emergencyEventId}}", "resolve"]
            }
          },
          "response": []
        }
      ]
    },
    {
      "name": "System",
      "item": [
        {
          "name": "Health Check",
          "request": {
            "method": "GET",
            "url": {
              "raw": "{{baseUrl}}/api/health",
              "host": ["{{baseUrl}}"],
              "path": ["api", "health"]
            }
          },
          "response": []
        }
      ]
    }
  ]
}
